Id,Name,Manufacturer
1,Motherboard no 0.,Manufacturer no 0.
2,Motherboard no 1.,Manufacturer no 1.
3,Motherboard no 2.,Manufacturer no 2.
4,Motherboard no 3.,Manufacturer no 3.
5,Motherboard no 4.,Manufacturer no 4.
6,Motherboard no 5.,Manufacturer no 5.
7,Motherboard no 6.,Manufacturer no 6.
8,Motherboard no 7.,Manufacturer no 7.
9,Motherboard no 8.,Manufacturer no 8.
10,Motherboard no 9.,Manufacturer no 9.
11,Motherboard no 10.,Manufacturer no 10.
12,Motherboard no 11.,Manufacturer no 11.
13,Motherboard no 12.,Manufacturer no 12.
14,Motherboard no 13.,Manufacturer no 13.
15,Motherboard no 14.,Manufacturer no 14.
16,Motherboard no 15.,Manufacturer no 15.
17,Motherboard no 16.,Manufacturer no 16.
18,Motherboard no 17.,Manufacturer no 17.
19,Motherboard no 18.,Manufacturer no 18.
20,Motherboard no 19.,Manufacturer no 19.
21,Motherboard no 20.,Manufacturer no 20.
22,Motherboard no 21.,Manufacturer no 21.
23,Motherboard no 22.,Manufacturer no 22.
24,Motherboard no 23.,Manufacturer no 23.
25,Motherboard no 24.,Manufacturer no 24.
26,Motherboard no 25.,Manufacturer no 25.
27,Motherboard no 26.,Manufacturer no 26.
28,Motherboard no 27.,Manufacturer no 27.
29,Motherboard no 28.,Manufacturer no 28.
30,Motherboard no 29.,Manufacturer no 29.
31,Motherboard no 30.,Manufacturer no 30.
32,Motherboard no 31.,Manufacturer no 31.
33,Motherboard no 32.,Manufacturer no 32.
34,Motherboard no 33.,Manufacturer no 33.
35,Motherboard no 34.,Manufacturer no 34.
36,Motherboard no 35.,Manufacturer no 35.
37,Motherboard no 36.,Manufacturer no 36.
38,Motherboard no 37.,Manufacturer no 37.
39,Motherboard no 38.,Manufacturer no 38.
40,Motherboard no 39.,Manufacturer no 39.
41,Motherboard no 40.,Manufacturer no 40.
42,Motherboard no 41.,Manufacturer no 41.
43,Motherboard no 42.,Manufacturer no 42.
44,Motherboard no 43.,Manufacturer no 43.
45,Motherboard no 44.,Manufacturer no 44.
46,Motherboard no 45.,Manufacturer no 45.
47,Motherboard no 46.,Manufacturer no 46.
48,Motherboard no 47.,Manufacturer no 47.
49,Motherboard no 48.,Manufacturer no 48.
50,Motherboard no 49.,Manufacturer no 49.
51,Motherboard no 50.,Manufacturer no 50.
52,Motherboard no 51.,Manufacturer no 51.
53,Motherboard no 52.,Manufacturer no 52.
54,Motherboard no 53.,Manufacturer no 53.
55,Motherboard no 54.,Manufacturer no 54.
56,Motherboard no 55.,Manufacturer no 55.
57,Motherboard no 56.,Manufacturer no 56.
58,Motherboard no 57.,Manufacturer no 57.
59,Motherboard no 58.,Manufacturer no 58.
60,Motherboard no 59.,Manufacturer no 59.
61,Motherboard no 60.,Manufacturer no 60.
62,Motherboard no 61.,Manufacturer no 61.
63,Motherboard no 62.,Manufacturer no 62.
64,Motherboard no 63.,Manufacturer no 63.
65,Motherboard no 64.,Manufacturer no 64.
66,Motherboard no 65.,Manufacturer no 65.
67,Motherboard no 66.,Manufacturer no 66.
68,Motherboard no 67.,Manufacturer no 67.
69,Motherboard no 68.,Manufacturer no 68.
70,Motherboard no 69.,Manufacturer no 69.
71,Motherboard no 70.,Manufacturer no 70.
72,Motherboard no 71.,Manufacturer no 71.
73,Motherboard no 72.,Manufacturer no 72.
74,Motherboard no 73.,Manufacturer no 73.
75,Motherboard no 74.,Manufacturer no 74.
76,Motherboard no 75.,Manufacturer no 75.
77,Motherboard no 76.,Manufacturer no 76.
78,Motherboard no 77.,Manufacturer no 77.
79,Motherboard no 78.,Manufacturer no 78.
80,Motherboard no 79.,Manufacturer no 79.
81,Motherboard no 80.,Manufacturer no 80.
82,Motherboard no 81.,Manufacturer no 81.
83,Motherboard no 82.,Manufacturer no 82.
84,Motherboard no 83.,Manufacturer no 83.
85,Motherboard no 84.,Manufacturer no 84.
86,Motherboard no 85.,Manufacturer no 85.
87,Motherboard no 86.,Manufacturer no 86.
88,Motherboard no 87.,Manufacturer no 87.
89,Motherboard no 88.,Manufacturer no 88.
90,Motherboard no 89.,Manufacturer no 89.
91,Motherboard no 90.,Manufacturer no 90.
92,Motherboard no 91.,Manufacturer no 91.
93,Motherboard no 92.,Manufacturer no 92.
94,Motherboard no 93.,Manufacturer no 93.
95,Motherboard no 94.,Manufacturer no 94.
96,Motherboard no 95.,Manufacturer no 95.
97,Motherboard no 96.,Manufacturer no 96.
98,Motherboard no 97.,Manufacturer no 97.
99,Motherboard no 98.,Manufacturer no 98.
100,Motherboard no 99.,Manufacturer no 99.
